Название,Компания,Профессия
Системный аналитик на интеграционные проекты по работе с WEB / mobile приложениями,Открытие Инвестиции [371858],it
Тестировщик по автоматизированному тестированию (QA Automation Engineer),Открытие Инвестиции [371858],тестирование
Администратор Windows систем,Открытие Инвестиции [371858],it
Программист Отдела поддержки прикладных систем,Открытие Инвестиции [371858],it
Инженер по нагрузочному тестированию и тестированию производительности,Открытие Инвестиции [371858],исследования
Администратор Linux,Открытие Инвестиции [371858],it
Ведущий специалист ОРЭ,Мосэнерго [379697],аналитика
Ведущий специалист отдела финансового контроля,Мосэнерго [379697],финансы
Специалист по устойчивому развитию (ESG в IR),Мосэнерго [379697],менеджмент
Специалист по налогам,Мосэнерго [379697],финансы
Quality Assurance Internship,Procter & Gamble [40],маркетинг
Sales Internship in Southern Russia,Procter & Gamble [40],продажи
Supply Chain Management Internship,Procter & Gamble [40],менеджмент
Finance Internship,Procter & Gamble [40],финансы
Marketing Internship,Procter & Gamble [40],маркетинг
Системный аналитик/интерн,Accenture Москва [133996],it
"Intern / Junior Consultant, International Tax, Tax&Legal",KPMG [63],менеджмент
"Consultant / Senior Consultant, Technology, Information Risk Management.",KPMG [63],it
"Стажер/Консультант в группу по оказанию услуг в области корпоративного управления, управления рисками",KPMG [63],менеджмент
Corporate finance associate,Kodland [377056],финансы
Business Development / Sales Enablement Associate,Tomi.ai [366210],бизнес-аналитика
Администратор SAP,Сбер [28],it
Кредитный инспектор / Руководитель направления кредитования в Управление финансирования недвижимости,Сбер [28],финансы
"Team Lead Data Scientist (RecSys, NLP, CV)",Сбер [28],it
QA engineer (тестировщик) 1C,Билайн [277],исследования
Томи Тест,Tomi.ai [366210],it
Data Scientist,Билайн [277],data science
Бизнес-аналитик,Билайн [277],аналитика
Java Developer,Билайн [277],it
Data engineer (удаленно),Билайн [277],it
Manifactuting Internship,Procter & Gamble [40],разработка
Стажер в департаменте аудиторских услуг,EY [60],аудит
Системный аналитик / интерн,Accenture Москва [133996],аналитика
Intern / Analyst Strategy,Accenture Москва [133996],аналитика
Junior Engineer,Henkel [207907],исследования
HR-Trainee / HR-Стажер,Perfetti Van Melle [1750],hr
SALES INTERNSHIP - EASTERN SIBERIA,Procter & Gamble [40],продажи
SALES INTERNSHIP - EASTERN SIBERIA,Procter & Gamble [40],продажи
SALES INTERNSHIP - EASTERN SIBERIA,Procter & Gamble [40],продажи
SALES INTERNSHIP - EASTERN SIBERIA,Procter & Gamble [40],продажи
Sales account manager (far East),Procter & Gamble [40],продажи
Sales account manager (far East),Procter & Gamble [40],продажи
Sales internship (far East),Procter & Gamble [40],продажи
Sales internship (far East),Procter & Gamble [40],продажи
Brand Manager,Procter & Gamble [40],маркетинг
System Analyst,KPMG [63],it
1С разработчик,KPMG [63],it
"Стажер, Группа по консультированию в сфере IT (IT-Аудит)",KPMG [63],it
Аналитик по связям с инвесторами,НЛМК [179044],аналитика
Специалист команды трансформации SberCIB,Сбер [28],бизнес-аналитика
Стажировка в отделе продаж,Procter & Gamble [40],продажи
Стажер в юридический отдел,МТС [425],финансы
Data Engineering стажировка,Procter & Gamble [40],it
Стажировка в отделе маркетинга,Procter & Gamble [40],маркетинг
Стажировка в отделе логистики,Procter & Gamble [40],менеджмент
Стажировка в отделе финансов,Procter & Gamble [40],финансы
Innovation specialist,Ferrero [174977],аналитика
Стажировка в Rambler Group,Сбер [28],аналитика / маркетинг
Администратор баз данных,KPMG [63],it
Стажер/Младший консультант группы консультационных услуг в области учета и отчетности,KPMG [63],аудит
Senior Business Analyst,McKinsey [339552],аналитика
Business Analyst,McKinsey [339552],аналитика
Data Scientist / Senior Data Scientist / Lead Data Scientist,McKinsey [339552],аналитика
Intern Data Scientist,McKinsey [339552],it
Intern Data Scientist,McKinsey [339552],it
Стажер в отдел склада готовой продукции,Essity [144807],менеджмент
Стажер в отдел склада готовой продукции,Essity [144807],менеджмент
Key account sales analyst,Ferrero [174977],аналитика
Supply service representative (специалист по логистике),Essity [144807],менеджмент
Практикант направления оценки и развития талантов,Самолет [346676],аналитика
Стажер в команду по развитию бренда работодателя,Северсталь [20],hr
Аналитик/старший аналитик,Корпорации развития Дальнего Востока и Арктики [353819],аналитика
Cтажер бизнес-аналитик (проектная работа),Ozon [327],бизнес-аналитика
Graphic Designer / SMM,Changellenge >> [43],контент
Видео-продюсер,Changellenge >> [43],контент / дизайн
Стажировка в Rambler Group,Сбер [28],аналитика / маркетинг
Стажер-менеджер проектов в 5G,МТС [425],менеджмент
Стажер-менеджер проектов в 5G,МТС [425],менеджмент
Стажер в финансах,Aggreko [47986],финансы
Интерн/Консультант в команде экономического анализа и оценки бизнеса,PwC [27],финансы
Менеджер по работе с ключевыми конечными клиентами,Essity [144807],менеджмент / продажи
"Стажер Danone Dive, IT SAP",Danone [336],it
"Стажер Danone Dive, IT SAP",Danone [336],it
Стажировка Supply Discovery Trainee,AB InBev Efes [179258],разработка
Стажировка в отделе продаж,Procter & Gamble [40],продажи
Менеджер по работе с клиентами,Procter & Gamble [40],продажи
Стажер в отдел информационной безопасности,МТС [425],it
Стажер в инжиниринге,Procter & Gamble [40],разработка
Trainee (Sales),Henkel [207907],продажи
Trade Marketing Specialist (Beauty Care Professional),Henkel [207907],маркетинг
Assistant to Legal Department,Henkel [207907],аналитика
Junior Web Developer,Schlumberger [773],it
Intern in Real Estate Advisory (Valuation and Сonsulting),KPMG [63],финансы
Intern/Junior Consultant in Financial Services Advisory (Consulting),KPMG [63],аудит
Intern in Market Research,KPMG [63],маркетинг
Assortment Management Trainee (Laundry & Home Care),Henkel [207907],менеджмент / маркетинг
Category Management Trainee (Laundry & Home Care),Henkel [207907],менеджмент / маркетинг
Finance Automation Intern,Henkel [207907],финансы / аналитика
Receptionist,Henkel [207907],менеджмент
Brand Coordinator (Beauty Care),Henkel [207907],маркетинг
Brand Coordinator (Beauty care professional),Henkel [207907],маркетинг
Brand Coordinator (Beauty Care),Henkel [207907],менеджмент
Business Operation Specialist,Henkel [207907],менеджмент
KAM - Assistant,Henkel [207907],менеджмент
KEY ACCOUNT SALES ANALYST,Ferrero [174977],аналитика
Marketing Controlling Intern (Finance Department),Henkel [207907],финансы / маркетинг
Marketing Controlling Intern (Finance Department),Henkel [207907],финансы / маркетинг
Senior creator,Changellenge >> [43],контент
Selection analyst,Changellenge >> [43],аналитика
PPT Slide Maker Specialist / Дизайнер презентаций,Changellenge >> [43],дизайн
Graduate Recruitment Leader,Changellenge >> [43],hr
Junior Recruiter / Sourcer,Changellenge >> [43],hr
Специалист по документообороту,Changellenge >> [43],финансы
Content Manager / Copywriter,Changellenge >> [43],финансы
Creator,Changellenge >> [43],финансы
Бизнес аналитик,Changellenge >> [43],финансы
Senior Employer Brand Strategist,Changellenge >> [43],менеджмент
Researcher,Changellenge >> [43],аналитика
Project Team Leader,Changellenge >> [43],финансы
Investment Analyst,Skolkovo Ventures [315],аналитика
Аналитик/ Ст. аналитик/ Менеджер по стратегии,МегаФон [266],аналитика / менеджмент
Менеджер по продуктам корпоративного бизнеса,МегаФон [266],продажи
Менеджер по продуктам корпоративного бизнеса,МегаФон [266],продажи
Менеджер по развитию онлайн,МегаФон [266],аналитика
Intern/Analyst Strategy,Accenture Москва [133996],аналитика
Интерн/аналитик в практику технологического консалтинга (Банки и Рынки капиталов),Accenture Москва [133996],аналитика
"Executive/Associate, Integration & Separation, Deal Advisory",KPMG [63],аудит
Специалист по логистике,Essity [144807],менеджмент
IT-специалист,Essity [144807],it
Стажер Product-менеджер (Ozon Global),Ozon [327],менеджмент
Стажер-аналитик (Группа контроля качества доставки),Ozon [327],аналитика
Позиция Консультанта в Москве,Bain and Company [489],аналитика / аудит
Консультант,Bain and Company [489],аудит
Стажер в digital-маркетинг,Ozon [327],маркетинг
Стажер-менеджер по привлечению партнеров,Ozon [327],менеджмент / продажи
Стажер в отдел склада готовой продукции,Essity [144807],менеджмент
Представитель по работе с ключевыми клиентами / Key Account Executive (Laundry&Home Care),Henkel [207907],менеджмент / продажи
Представитель по работе с ключевыми клиентами / Key Account Executive (Laundry&Home Care),Henkel [207907],менеджмент / продажи
Стажер/консультант в команду сопровождения сделок,PwC [27],менеджмент
Стажер/консультант в команду казначейства,PwC [27],финансы
Стажер (Finance),Danone [336],финансы
Стажер бизнес-аналитик (развитие международного бизнеса),Ozon [327],бизнес-аналитика
Менеджер по календарно-сетевому планированию в группе «Самолет»,Самолет [346676],менеджмент
Стажер бизнес-аналитик (кабинет продавца),Ozon [327],бизнес-аналитика
Стажер в корпоративное развитие и финансы,Ozon [327],финансы
HR Admin Proximity Specialist/Территориальный специалист по кадровым вопросам,Danone [336],hr
HR Admin Proximity Specialist/Территориальный специалист по кадровым вопросам,Danone [336],hr
Ассистент специалиста по кадровому делопроизводству,Danone [336],hr
Стажер в группу подбора персонала,Deloitte [334],hr
Младший консультант (SAP GRC) в департамент управления рисками,Deloitte [334],it
Консультант в группу по оказанию услуг работодателям и физическим лицам,Deloitte [334],менеджмент
SMM-специалист,Essity [144807],маркетинг
Инженер проектов,Essity [144807],исследования
Стажер в отдел склада готовой продукции,Essity [144807],менеджмент
Intern Forensic Agribusiness Sector,KPMG [63],менеджмент
"Executive/Associate, Deal Strategy Group, Deal Advisory",KPMG [63],финансы
Младший аналитик отдела по работе с ключевыми клиентами,Henkel [207907],аналитика
Стажер в группу по консультированию в сфере IT (IT-Аудит),KPMG [63],аудит / it
Аналитик в практику технологического консалтинга (банки),Accenture Москва [133996],аналитика
Аналитик в практику IT-инфраструктуры и облачных решений,Accenture Москва [133996],аналитика
Analyst Natural Resources Consulting,Accenture Москва [133996],it
Intern/Analyst SAP Consulting,Accenture Москва [133996],it
"Intern/Analyst (Management & Technology Consulting/ FMCG, Retail, Pharma)",Accenture Москва [133996],аналитика
Консультант начального уровня в группу по сопровождению сделок в области корпоративных финансов,Deloitte [334],финансы
Консультант начального уровня в группу по консультированию в области киберрисков,Deloitte [334],финансы
Стажер в отдел анализа систем внутреннего контроля в департамент управления рисками,Deloitte [334],финансы
Бизнес-аналитик в группу по оказанию услуг компаниям ресурсного сектора отдела операционной деятельности,Deloitte [334],менеджмент
Младший координатор по работе с субподрядчиками административного центра обслуживания,Deloitte [334],менеджмент
"Младший специалист по работе с кадровыми системами, анализу и отчетности филиала",Deloitte [334],hr
Инженер АСУТП,Свеза [524],исследования
Инженер-технолог,Свеза [524],исследования
Специалист по развитию бизнес-системы,Свеза [524],аудит
Менеджер по цифровым проектам,Свеза [524],менеджмент
Investment Analyst Vershina Development (Renewable energy field),Вершина [344550],аналитика
Специалист по клиентскому сервису,Essity [144807],менеджмент
Специалист по производственному планированию,Essity [144807],исследования
Intern Real Estate Advisory (Valuation and Сonsulting),KPMG [63],исследования
Junior Actuary,KPMG [63],финансы
E-commerce Trainee,Perfetti Van Melle [1750],исследования
Junior Packaging Specialist,Perfetti Van Melle [1750],исследования
Process & Technologies Trainee / Стажер в отдел процессов и технологий,Perfetti Van Melle [1750],исследования
HR Trainee Learning & Development / HR Стажер (Обучение и развитие),Perfetti Van Melle [1750],hr
Supply Chain Trainee / Стажер отдела логистики,Perfetti Van Melle [1750],контент / исследования
Младший специалист по подбору персонала (практикант),Leroy Merlin [465],hr
Практикант,Leroy Merlin [465],менеджмент
Практикант,Leroy Merlin [465],закупки
Практикант-разработчик GO,Leroy Merlin [465],разработка
Стажер в КАМ-отдел (Beauty Care),Henkel [207907],it
Старший специалист по анализу данных,МегаФон [266],тестирование
Специалист по развитию интеллектуальных роботов,МегаФон [266],it
Менеджер по целевым коммуникациям,МегаФон [266],менеджмент
Менеджер проектов BigData,МегаФон [266],it
Младший специалист (разграничение обязанностей — SoD) в департамент управления рисками,Deloitte [334],it
Консультант начального уровня в международную группу по оказанию услуг финансовым институтам,Deloitte [334],финансы
Digital Planning Intern,Publicis groupe [343379],маркетинг
Системный аналитик,РЖД [342995],аналитика
Юрист-практикант,Leroy Merlin [465],менеджмент
Стажер в стратегический отдел/Strategic Planning Intern,Publicis groupe [343379],маркетинг
Analytics & Insights Intern,Publicis groupe [343379],маркетинг
Programmatic intern,Publicis groupe [343379],маркетинг
Paid Social Media Intern,Publicis groupe [343379],маркетинг
Performance marketing intern,Publicis groupe [343379],маркетинг
Аналитик по электронному кадровому документообороту,РЖД [342995],аналитика
Исследование цифровых технологий,РЖД [342995],it
Стажер-программист ABAP,РЖД [342995],it
Разработчик,РЖД [342995],разработка
Консультант по тестированию и документированию ПО в области кадрового учета (SAP),РЖД [342995],разработка
Администратор телекоммуникационной сети отдела СТО,РЖД [342995],менеджмент
Аналитик,Mountain Ridge [280],аналитика
SQL + WMS Specialist (Consultant Integrator/Специалист по внедрению бизнес систем),FM Logistic [373],it
Разработчик/ Middle Back-end Developer / Architect (Node.js / C#),FM Logistic [373],разработка
Разработчик ESB / ETL / Apps Script / RPA,FM Logistic [373],разработка
Junior разработчик PHP/ PHP Developer,FM Logistic [373],разработка
Стажер OSS,МегаФон [266],it
Стажер направления разработка отчетности,МегаФон [266],it
Стажер-разработчик Android,МегаФон [266],разработка
Стажер в IT,МегаФон [266],it
Аналитик по продажам (Beauty Care),Henkel [207907],аналитика
Координатор отдела бизнес- операций (Beauty Care),Henkel [207907],hr
Innovation Consulting Intern/Analyst,Accenture Москва [133996],аналитика
Net Revenue Management Analyst (Beauty Care),Henkel [207907],финансы / аналитика
Старший аналитик по инновациям,МегаФон [266],аналитика
Стажер отдела категорийного менеджмента (Beauty Care),Henkel [207907],менеджмент
Стажер в отдел по работе с ключевыми клиентами (Beauty Care),Henkel [207907],менеджмент
Представитель по работе с ключевыми клиентами / Key Account Executive (Laundry&Home Care),Henkel [207907],менеджмент
SAP Consulting Intern/Analyst (Assessment Centre),Accenture Москва [133996],аналитика
Специалист по продажам корпоративным клиентам,МегаФон [266],продажи
Старший менеджер по развитию бизнеса,МегаФон [266],продажи
Аналитик/старший аналитик,МегаФон [266],аналитика
Специалист по транспорту,Danone [336],менеджмент
Стажер IT/IS,Danone [336],it
Менеджер по развитию новых партнерств,МегаФон [266],продажи
Аналитик (Adhesive Technologies),Henkel [207907],аналитика
Представитель по работе с ключевыми клиентами / КАЕ (Laundry & Home Care),Henkel [207907],менеджмент / продажи
Специалист по продажам и развитию территории,Danone [336],продажи
Стажер в группу оказания услуг по реструктуризации EY-Parthenon,EY [60],менеджмент
Cтажер/Специалист в группа по управлению IT-рисками,EY [60],it
Стажер в группу подбора персонала,EY [60],hr
Стажер в группу по предоставлению юридических услуг в департамент налогов и права,Deloitte [334],исследования
Консультант начального уровня в группу по оказанию услуг в области коммерческой разведки (Форензик),Deloitte [334],менеджмент
Junior Quantitative Analyst (в Казначейство),Райффайзенбанк [58],аналитика
"Младший специалист (аналитик) в команду финансового анализа, проектного моделирования и розничной аналитики",Райффайзенбанк [58],аналитика
Стажер-администратор (геймификация),КРОК [262112],hr
Стажер по проектированию и внедрению систем обеспечения безопасности,КРОК [262112],it
Стажер/помощник специалиста Службы качества,КРОК [262112],it
"Intern/Junior Consultant, Integration & Separation Group, Deal Advisory",KPMG [63],финансы
Дата-аналитик в команду корпоративно-инвестиционного бизнеса,Райффайзенбанк [58],аналитика
Младший экономист/стажер,КРОК [262112],финансы
Аналитик в практику IT-инфраструктуры и облачных решений,Accenture Москва [133996],it
Стажер-аналитик в KION,МТС [425],аналитика
Старший менеджер продуктов,МегаФон [266],менеджмент
Менеджер по продвижению новых услуг и партнерств,МегаФон [266],маркетинг
Аналитик новых услуг и партнерств,МегаФон [266],аналитика
Менеджер по развитию рекламных продуктов,МегаФон [266],it / маркетинг
HR-аналитик,MSD [159074],hr
Менеджер по развитию автоматизированных коммуникаций,МегаФон [266],маркетинг
Стажер в Корпоративный университет в департамент по работе с персоналом,КРОК [262112],hr
Стажер в департамент продаж,КРОК [262112],продажи
Стажер-разработчик компьютерного зрения,КРОК [262112],it
Стажер в команду проектного офиса,КРОК [262112],менеджмент
Стажер исследовательского центра в департамент внутренней поддержки,Deloitte [334],менеджмент
Специалист начального уровня в департамент аудиторских услуг,Deloitte [334],аудит
Специалист IT-поддержки направления логистика,AB InBev Efes [179258],it
Руководитель отдела локальной информационно-технической поддержки,AB InBev Efes [179258],менеджмент / it
Специалист поддержки ИТ (вторая линия),AB InBev Efes [179258],it
Главный специалист службы локальной ИТ-поддержки,AB InBev Efes [179258],продажи
Специалист по поддержке пользователей SAP (финансы),AB InBev Efes [179258],финансы
Demand planning specialist / Специалист по планированию спроса (Beauty Care),Henkel [207907],продажи
Координатор отдела,Henkel [207907],менеджмент
Младший менеджер по работе с ключевыми клиентами / Junior KAM (Beauty Care),Henkel [207907],менеджмент / продажи
Стажер-разработчик (Node.js / Go),Leroy Merlin [465],it
Практикант (DevOps),Leroy Merlin [465],it
Стажер в группу операционных рисков и устойчивого развития,KPMG [63],аудит
Intern Transaction Services (Financial services sector),KPMG [63],финансы
Стажер в департамент аудита корпоративного сектора,KPMG [63],аудит
Financial Services Consulting Intern/Analyst,Accenture Казахстан [275],/  /
Digital Consulting Intern/Analyst,Accenture Казахстан [275], 
Data Science Intern,Accenture Казахстан [275], 
SAP Consulting Intern,Accenture Казахстан [275], 
Junior Developer Java,Accenture Казахстан [275], 
Младший технический архитектор,Accenture Казахстан [275],it
Стажер направления «Data Science/Applied intelligence»,Accenture Казахстан [275], 
Capital Markets IT Analyst,Accenture Казахстан [275], 
QA инженер,Accenture Казахстан [275], 
Technology Consulting Analyst,Accenture Казахстан [275], 
Data Science Intern,Accenture Казахстан [275], 
Test Vacancy,Accenture Казахстан [275], 
Интерн-аналитик в секторе розничной торговли,Accenture Казахстан [275], 
Интерн-аналитик в нефтегазовом секторе,Accenture Казахстан [275], 
Интерн-аналитик в практику технологического консалтинга,Accenture Казахстан [275], 
Ведущий системный аналитик,Accenture Казахстан [275], 
Интерн-аналитик в департаменте стратегического консалтинга,Accenture Казахстан [275], 
Test Vacancy,Accenture Казахстан [275], 
Junior Тестировщик,Accenture Москва [133996],it
Intern/Analyst Accenture Strategy (Assessment Centre),Accenture Москва [133996],аналитика
"Интерн/Аналитик  (Retail, FMCG, Pharma, Automotive)",Accenture Москва [133996],аналитика
Аналитик в практику технологического консалтинга (Ритейл),Accenture Москва [133996],аналитика
Младший специалист в практику IT-инфраструктуры и облачных решений,Accenture Москва [133996],it
Intern / Analyst Accenture Natural Resources & Energy Consulting (Assessment Centre),Accenture Москва [133996],аналитика
Визуализатор,Accenture Москва [133996], 
Junior Java Developer,Accenture Москва [133996],it
SAP Consulting Intern/Analyst,Accenture Москва [133996],it
"Интерн/Аналитик направления ""Applied Intelligence""",Accenture Москва [133996],бизнес-аналитика / data science
Junior IT Architect,Accenture Москва [133996],it
Интерн/Аналитик в практику рынки капитала (технологический консалтинг),Accenture Москва [133996],финансы / it
Intern/Analyst in Supply Chain Consulting (Retail),Accenture Москва [133996],аналитика / it
Специалист группы корпоративного налогообложения / Tax consultant Corporate Tax,EY [60],аудит / финансы
JKAM/ Junior Key Account Manager/ Key Account Executive,Holy Corn [153419],продажи
Junior Ecommerce Manager,Holy Corn [153419],маркетинг
Business Development Manager / Консультант по B2B продажам,Changellenge >> [43],исследования
Вакансии в департамент Project Management,Changellenge >> [43],менеджмент
Product Leader кейс-направления,Changellenge >> [43],финансы
B2Universities Sales Manager,Changellenge >> [43],финансы
Junior Finance Manager,Changellenge >> [43],финансы
Product Owner,Changellenge >> [43],исследования
Junior Web Designer / Веб-дизайнер,Changellenge >> [43],дизайн
Шеф редактор,Changellenge >> [43],контент
Стажер в отдел закупок,Schlumberger [773],закупки
Стажер в отдел по работе с недвижимостью,Schlumberger [773],менеджмент
Стажер в юридический отдел,Schlumberger [773],аудит
Стажер в отдел персонала,Schlumberger [773],hr
Стажер в юридический отдел,Schlumberger [773],аудит
Intern/Junior Consultant in Deal Strategy Group,KPMG [63],аудит
Аналитик/Старший аналитик по стратегии,МегаФон [266],бизнес-аналитика
Технологический скаут/Аналитик в команду инноваций,МегаФон [266],бизнес-аналитика
Стажировка в отделе исследования рынка и потребителей,Procter & Gamble [40],исследования
Стажировка в отделе логистики,Procter & Gamble [40],менеджмент
Бизнес-аналитик,Deloitte [334],финансы
Консультант начального уровня в группу корпоративного налогообложения,Deloitte [334],финансы
Бизнес-аналитик практикант,Leroy Merlin [465],аналитика
Стажер по аналитике больших данных в МегаФоне,МегаФон [266],аналитика
Старший менеджер по развитию бизнеса,МегаФон [266],продажи
Старший аналитик по слиянию и поглощению,МегаФон [266],бизнес-аналитика
Ассистент отдела по работе с национальными ключевыми клиентами (Laundry & Home Care),Henkel [207907],менеджмент
Представитель по работе с ключевыми клиентами / КАЕ (Laundry & Home Care),Henkel [207907],менеджмент / продажи
Летняя стажировка в отделе склада готовой продукции,Essity [144807],менеджмент
Стажировка на производстве P&G,Procter & Gamble [40],маркетинг
Стажер в службу главного механика,Essity [144807],менеджмент
Практикант-разработчик Node.js,Leroy Merlin [465],it
"IIntern/Junior consultant, Internal control automation and Segregation of Duties",KPMG [63],аудит
Стажер/Консультант в группу по оказанию услуг в области внутреннего аудита и рисков,KPMG [63],аудит
Стажер/Специалист в группу по сопровождению сделок (Transaction Diligence),EY [60],аналитика / финансы
Стажер в сфере бизнес-аналитики в Департамент управления рисками,Deloitte [334],аналитика
Стажер в сфере IT-бизнес-аналитики в Департамент управления рисками,Deloitte [334],it / аналитика
Младший администратор,КРОК [262112],hr
Таргетолог в команду digital-маркетинга,КРОК [262112],маркетинг
Консультант/Старший консультант в сфере цифрового консалтинга,КРОК [262112],разработка
Младший DevOps-инженер,КРОК [262112],it
Помощник юрисконсульта в группу по оказанию юридических услуг,EY [60],аудит
Стажер/Начинающий специалист в финансовый департамент (Accounting),MSD [159074],финансы
Бизнес-аналитик,MSD [159074],аналитика
Стажер в отдел Data Analytics,MSD [159074],аналитика
Стажер-разработчик Android,МегаФон [266],it
Стажер в event-команду,КРОК [262112],менеджмент
Младший консультант в сфере цифрового консалтинга,КРОК [262112],it
Стажер-аналитик,КРОК [262112],аналитика
Стажировка в планировании поставок и спроса,Mars [473],закупки
Стажировка в исследовании рынка,Mars [473],исследования
Категорийный менеджер,Mars [473],менеджмент
IT Internship,Procter & Gamble [40],it
Customer Demand Manager,Procter & Gamble [40],закупки
Brand Manager,Procter & Gamble [40],маркетинг
Supply Network Operations Specialist,Procter & Gamble [40],закупки
Стажер группы финансовых расследований в Департамент финансового консультирования,Deloitte [334],финансы
Intern in Fraud Investigations Group (Forensic Department),KPMG [63],финансы
Data Analyst,X5 Group [611],it
Financial Controller Trainee,METRO [272],финансы
Выпускающий редактор / Менеджер проекта,METRO [272],менеджмент
Стажер отдела качества и охраны окружающей среды,Essity [144807],исследования
DevOps Engineer (Intern),Leroy Merlin [465],it
Летняя стажировка в MSD,MSD [159074],фармацевтика
Стажер отдела охраны труда,Essity [144807],исследования
Контент-менеджер,КРОК [262112],маркетинг
Контент-менеджер,КРОК [262112],разработка
"Junior consultant, Tax M&A, Tax&Legal",KPMG [63],финансы / it
Стажер отдела финансового планирования и анализа,Новартис [263385],финансы / аналитика
"Стажер отдела этики, рисков и соблюдения политик и процедур (compliance)",Новартис [263385],финансы
Стажер медицинского отдела,Новартис [263385],фармацевтика
Стажер отдела маркетинга,Новартис [263385],маркетинг
Стажер отдела маркетинга стран Украина и СНГ,Новартис [263385],маркетинг
"Marketing (Oncology) intern (направление: меланома, BRAF+ рак легкого)",Новартис [263385],маркетинг
Compliance intern,Новартис [263385],финансы
Marketing (Hematology) intern,Новартис [263385],маркетинг
Marketing (Oncology) intern (направление: рак молочной железы),Новартис [263385],маркетинг
Стажер (iOS / Android разработчик),Leroy Merlin [465],it
Стажер по информационной безопасности,Leroy Merlin [465],it
Аналитик-Практикант,Leroy Merlin [465],аналитика
Практика в закупках и финансах,AB InBev Efes [179258],финансы / закупки
Финансовый аналитик,MSD [159074],финансы / аналитика
Специалист по повышению эффективности бизнеса,MSD [159074],менеджмент
Консультант по кадровому электронному документообороту,Deloitte [334],hr
Консультант начального уровня в направление охрана труда,Deloitte [334],аудит
Аналитик по продажам (Beauty Care),Henkel [207907],аналитика / продажи
Координатор отдела бизнес операций (Beauty Care),Henkel [207907],менеджмент
Лидерская программа Go! Graduate Program,Essity [144807],продажи
Летние стажировки на производстве,Essity [144807],исследования
Стажер/Младший консультант в группу по оказанию услуг в области косвенного налогообложения,KPMG [63],финансы
Стажер/Младший консультант группы налогового консультирования финансового сектора,KPMG [63],финансы
Data Engineer в команду SME CRM,Райффайзенбанк [58],it / аналитика / разработка
Младший специалист в группу финансового мониторинга,Райффайзенбанк [58],финансы
Старший аналитик отдела бизнес-развития и методологии,Райффайзенбанк [58],бизнес-аналитика
Старший менеджер отдела бизнес-развития и методолгии,Райффайзенбанк [58],бизнес-аналитика
Стажер в управление финансовыми рисками,KPMG [63],финансы
Стажер в группу анализа данных и моделирования,EY [60],аналитика / разработка
Стажер в юридическую службу (In-House Legal),EY [60],аудит
Стажер в команду найма, ,hr
"Стажер-разработчик (dwh, etl, sql)", ,it
iOS разработчик,МегаФон [266],it
Стажировка в отделе персонала,Mars [473],hr
Стажировка в отделе категорийного менеджмента,Mars [473],менеджмент
Mars Leadership Experience Program (Supply-направление),Mars [473],закупки
Младший аналитик в группу по управлению рисками и репутацией компании,Deloitte [334],финансы
Консультант начального уровня в Департамент налогов и права,Deloitte [334],финансы
Стажер в корпоративный центр поддержки бизнеса,Schlumberger [773],менеджмент
Customer service specialist (Adhesive Technologies),Henkel [207907],менеджмент
Key Account Executive (Laundry&Home Care),Henkel [207907],менеджмент / продажи
Стажер в PRGM,Danone [336], 
Danone Dive Finance,Danone [336],финансы
Danone Dive Sales,Danone [336],продажи
Специалист по планированию и движению товарных запасов,Henkel [207907],закупки
Стажер в отдел закупок,Henkel [207907],закупки
Стажер в группу финансового риск-менеджмента (банкинг),KPMG [63],финансы
Мобильный разработчик Android,МегаФон [266],it
Мобильный разработчик iOS,МегаФон [266],it
Стажер/ Специалист в группу консультирования по вопросам финансовой отчетности и бухгалтерского учета,EY [60],финансы
Аналитик,Спортмастер [47991],аналитика
Инженер-технолог,Essity [144807],исследования
Стажер в направление развития онлайна,МегаФон [266],маркетинг
Начинающий специалист в Единый Центр Управления Сетью (инженер),МегаФон [266],it / разработка
Специалист по продажам корпоративным клиентам,МегаФон [266],продажи
GO! Graduate program,Essity [144807],продажи
Стажер/Специалист в группу трансформации бизнеса (Business Transformation Oil&Gas Projects),EY [60],аудит
Региональный супервайзер по торговому маркетингу,AB InBev Efes [179258],маркетинг
Junior Linux Engineer, ,it
Sales Assistant, ,менеджмент / продажи
Стажер в команду технологического консалтинга, ,разработка
Стажер-аналитик (VR/AR проекты), ,аналитика
Консультант начального уровня по оценке бизнеса в Департамент финансового консультирования,Deloitte [334],финансы
Специалист начального уровня в Департамент аудиторских услуг,Deloitte [334],аудит
Консультант начального уровня в группу по оказанию услуг в области коммерческой разведки (Форензик),Deloitte [334],аналитика
Accelerated Career Programme (летняя стажировка в консалтинге в сфере информационных технологий),Deloitte [334],it
Accelerated Career Programme (летняя стажировка в управленческом консалтинге),Deloitte [334],менеджмент
Associate Consultant,Mountain Ridge [280],hr
Мегафон (шаблон),МегаФон [266],продажи
Стажер в финансах,Aggreko [47986],контент / hr
Консультант отдела сопровождения сделок Департамента по корпоративным финансам,Deloitte [334],финансы
Data Scientist в Capital Markets,Райффайзенбанк [58],it
Python Developer в Capital Markets,Райффайзенбанк [58],it
Младший KYC-аналитик в Compliance,Райффайзенбанк [58],it / аналитика
Химик,Danone [336],исследования
Стажер в группу корпоративного налогообложения,EY [60],финансы / it
Sberseasons,Сбер [28],data science
Специалист в группу оказания услуг частным клиентам (EY Private),EY [60],продажи
Mars Leadership Experience Program,Mars [473],it
Customer Service Specialist (Beauty Care),Henkel [207907],продажи
Младший аналитик отдела продаж,Henkel [207907],продажи
Ассистент отдела по работе с национальными ключевыми клиентами (Laundry & Home Care),Henkel [207907],продажи
Purchasing operations specialist,Henkel [207907],продажи
Marketing Trainee (Laundry & Home Care),Henkel [207907],маркетинг
Стажер Cisco, ,it
Стажер в группу консультирования по вопросам косвенного налогообложения (НДС),EY [60],финансы / it
Стажер в направление Digital маркетинг, ,маркетинг
Младший консультант в сфере цифрового консалтинга, ,аналитика
Стажер-аналитик, ,аналитика
Стажер-консультант по внедрению бизнес-приложений, ,it
Стажер в группу цифровых технологий и трансформации бизнеса (Tax Technology & Transformation),EY [60],финансы / it
Инженер-электрик,Essity [144807],исследования
Консультант в департамент бизнес-консультирования (General Pool),PwC [27],аудит
Инженер-микробиолог,Danone [336],исследования
Стажер в Департамент управления рисками,Deloitte [334],финансы / аудит
Консультант начального уровня в международную группу по оказанию услуг финансовым институтам,Deloitte [334],финансы / аудит
Специалист начального уровня в Департамент аудиторских услуг,Deloitte [334],финансы / аудит
Стажер/Младший консультант в группу корпоративного налогообложения,KPMG [63],финансы / it
Senior HR Manager,Changellenge >> [43],hr
Бизнес аналитик,Changellenge >> [43],аналитика
Бизнес-аналитик в группу управления операционными рисками в Департамент управления рисками,Deloitte [334],финансы / it
Консультант отдела сопровождения сделок Департамента по корпоративным финансам,Deloitte [334],финансы
Ассистент группы,Спортмастер [47991],финансы
Ассистент отдела,Спортмастер [47991],финансы
Менеджер проекта,Русагро [197645],аналитика / маркетинг / разработка
Инженер проектов,Essity [144807],исследования
Специалист по синдицированному кредитованию и структурированию,Райффайзенбанк [58],финансы
Java-разработчик в RAS Accounting & Reporting,Райффайзенбанк [58],it
"Финансовый аналитик в отдел финансового анализа, проектного моделирования и розничной аналитики",Райффайзенбанк [58],аналитика / финансы
Консультант начального уровня в риск-менеджмент в департамент управления рисками,Deloitte [334],финансы
Консультант/Старший консультант в отдел общего аудита,PwC [27],аудит
Consultant in Strategy & Operations Consulting,PwC [27],аудит
Младший юрист в группу по оказанию юридических услуг,EY [60],бизнес-аналитика
Экономист,Essity [144807],финансы
Бухгалтер в учет транспортных услуг,Спортмастер [47991],финансы
Бухгалтер-экономист по ВЭД,Спортмастер [47991],финансы
Стажер в группу IT-аудита,KPMG [63],аудит
BI-аналитик в Cost Management,Райффайзенбанк [58],аналитика
Data Scientist в команду CRM (Customer Relationship Management),Райффайзенбанк [58],it
Data Engineering Internship,Procter & Gamble [40],it
IT Internship in Gillette,Procter & Gamble [40],it
Sales Account Manager,Procter & Gamble [40],продажи
Supply Chain Management Internship,Procter & Gamble [40],продажи
Test Vacancy — Стажер в группу оценки недвижимости,EY [60],аналитика
"Стажер в группу улучшения бизнес-технологий и IT, направление SAP (Sales Cloud)",EY [60],it
"Стажер в группу улучшения бизнес-технологий и IT, направление SAP (CPQ)",EY [60],it
"Стажер в группу улучшения бизнес-технологий и IT, направление SAP",EY [60],финансы
Стажер в группу оказания услуг в области бизнес-рисков,EY [60],аудит / аналитика
Стажер в группу оказания услуг в области бизнес-рисков,EY [60],аудит
Стажер в группу повышения эффективности бизнеса в области финансов,EY [60],финансы
Стажер/Специалист в группу оказания услуг организациям финансового сектора,EY [60],финансы
Стажер/Специалист в группу повышения эффективности бизнеса в Supply Chain & Operations,EY [60],аудит
Оплачиваемая стажировка в ДОМ.РФ,Дом.рф [1643],финансы
Test Стажер отдела трансфертного ценообразования в Департамент налогов и права,Deloitte [334],аудит
Test Vacancy — Стажер в группу оценки недвижимости2222,EY [60],hr
Consultant/Intern in Human Resourcing consulting group,PwC [27],hr
Аналитик отдела продаж,Essity [144807],продажи / аналитика
Стажер в налоговую практику,PwC [27],финансы
Стажер отдела трансфертного ценообразования в Департамент налогов и права,Deloitte [334],финансы
Младший специалист исследовательского центра в Департамент внутренней поддержки,Deloitte [334],исследования
Старший специалист группы анализа внутренней достаточности капитала,Райффайзенбанк [58],аналитика / финансы
Junior ALM analyst,Райффайзенбанк [58],аналитика
Аналитик по валидации моделей рыночного риска,Райффайзенбанк [58],финансы / аналитика
Младший специалист по управлению операционными рисками,Райффайзенбанк [58],финансы / аналитика
Специалист по риск-регулированию кредитного риска,Райффайзенбанк [58],финансы / аналитика
Стажер в группу по оказанию услуг таможенного регулирования и международной торговли,EY [60],финансы
Специалист в группу обработки и анализа клиентских данных (CDHA),EY [60],аналитика
Стажер/Специалист в группу по сопровождению сделок (Финансовый сектор),EY [60],финансы
Стажер в группу трансформации бизнеса,EY [60],бизнес-аналитика
Стажер в группу услуг в области чистых технологий и устойчивого развития,EY [60],аналитика / исследования / финансы
Специалист по производственному планированию,Essity [144807],исследования
Стажер/Младший разработчик в группу Technology (Consulting),KPMG [63],разработка
"Junior Developer, Real Estate Advisory, Data & Solutions",KPMG [63],разработка
Консультант в группу по оказанию услуг в области налогового и бухгалтерского сопровождения,KPMG [63],финансы
Стажер в группу операционных рисков и устойчивого развития,KPMG [63],маркетинг / аналитика
Стажер/Младший консультант группы управления финансами и казначейством (Consulting),KPMG [63],финансы
Академия пивоварения,AB InBev Efes [179258],исследования
First Line Manager Packaging,AB InBev Efes [179258],исследования
First Line Manager Brewing,AB InBev Efes [179258],исследования
Инженер CISCO,AB InBev Efes [179258],it
test 29 цц!!!,Danone [336],дизайн
test 29 !!!,Danone [336],дизайн
Intership in Sales,Procter & Gamble [40],продажи
Marketing Internship,Procter & Gamble [40],маркетинг
Стажер/Специалист в группу по управлению IT-рисками,EY [60],аналитика / it / аудит
Стажер в практику стратегии и сделок EY-Parthenon,EY [60],аналитика / финансы / маркетинг / продажи
Младший специалист исследовательского центра филиала,Deloitte [334],исследования
Associate Consultant Intern,Bain and Company [489],аудит
Стажер в группу консультирования по вопросам совершенствования налоговой функции,EY [60],аналитика / финансы / маркетинг
"Стажер/Специалист в отдел оказания консультационных услуг в сфере недвижимости, инфраструктуры",EY [60],аналитика / финансы
Стажер/Младший аналитик в группу оценки бизнеса,EY [60],аналитика / финансы / продажи
IT Product Management Internship,Procter & Gamble [40],it
Sustainability Communications Internship,Procter & Gamble [40],дизайн  / контент
IT Business Analytics Internship,Procter & Gamble [40],it / бизнес-аналитика
Consultant in Systems & Process Assurance (RAS),PwC [27],it / бизнес-аналитика
Бизнес-аналитик в команду PwC Technology,PwC [27],бизнес-аналитика
Бизнес-аналитик,Deloitte [334],бизнес-аналитика
Бизнес-аналитик в департамент управления рисками,Deloitte [334],бизнес-аналитика
Консультант начального уровня по ведению бухгалтерского и налогового учета,Deloitte [334],финансы
Консультант начального уровня в группу технологий и процессов в бухгалтерском учете и налогообложении,Deloitte [334],финансы / разработка
Intern in Integration & Separation Group (Deal Advisory),KPMG [63],финансы
Специалист в группу по оказанию услуг в области трансфертного ценообразования,KPMG [63],финансы / исследования
Стажер в IT-аудит/Консультирование в сфере IT,KPMG [63],it / аудит
Intern in Financial Risk Management Group (Banking),KPMG [63],финансы
Consultant/Intern in Human Resourcing consulting group,PwC [27],hr
Стажер в юридическую практику,PwC [27],аудит
Стажер в налоговую практику,PwC [27],финансы / аудит
Management Trainee,MSD [159074],менеджмент
Intern in Technology Consulting,KPMG [63],аудит
Младший консультант в группу управления строительными проектами,KPMG [63],аудит
Стажер/ Консультант по управлению доступом и внутреннему контролю,KPMG [63],аудит
Стажер/ Консультант в группу по оказанию услуг в области внутреннего аудита и рисков,KPMG [63],аудит
Младший консультант группы налогового и бухгалтерского сопровождения,AB InBev Efes [179258],аудит
"Стажер выходного дня, Академия бизнеса EY",EY [60],аудит
Стажер в Академию бизнеса EY (административная поддержка),EY [60],аудит
Стажер/Специалист в группу консультирования по вопросам налогового учета и налоговой отчетности,EY [60],аудит
Стажер/Аналитик в группу оценки основных средств,EY [60],аудит
Стажер службы технического обеспечения производства,Essity [144807],разработка
First Line Manager (Brewing),AB InBev Efes [179258],разработка
Mars Internship Experience Program,Mars [473],аналитика
Global Management Trainee 2021,AB InBev Efes [179258],менеджмент
Стажерская программа: Академия Стальных Возможностей. Технические направления,НЛМК [179044],аналитика
Стажерская программа: Академия Стальных Возможностей. IT направления,НЛМК [179044],data science  / аналитика / it / разработка
Стажерская программа: Академия Стальных Возможностей. Бизнес направления,НЛМК [179044],маркетинг / бизнес-аналитика / менеджмент / контент
Graduate Programme 2021,Deutsche Bank [365],it
Стажировка в Департаменте налогов и права,Deloitte [334],финансы
Стажер группы корпоративного налогообложения,EY [60], 
Участник программы развития Future Makers,FM Logistic [373], 
Стажер Future Leaders Program,GSK [34279],фармацевтика
Unilever Leadership Internship Programme,Unilever [477], 
Стажер в CRM-команду Сбермаркет,Сбер [28],/ маркетинг
Стажер направления по развитию цифровых технологий,ОМК [139253],it
Стажер в отдел маркетинга Сбермаркет,Сбер [28],/ маркетинг
Стажер в группу консультирования по вопросам заработной платы,EY [60],аудит
Стажер в группу подбора персонала,EY [60],аудит
Стажер в отдел обучения и развития персонала,EY [60],аудит
Стажер в группу оказания услуг частным клиентам,EY [60],аудит
Младший специалист в группу управления делами,EY [60],аудит
Ассистент отдела маркетинга,Essity [144807], 
"Intern in Internal Audit, Risk and Compliance",KPMG [63],аудит
Стажировка в QA в Работу.ру,Сбер [28],it
Оплачиваемая стажировка Raiffeisen Evolve в регионах,Райффайзенбанк [58], 
Лидерская программа Unilever Future Leaders Programme (направление Finance),Unilever [477], 
Лидерская программа Unilever Future Leaders Programme (направление HR),Unilever [477], 
"Программа найма в СИБУР ""Первый элемент"" для химиков",Сибур [268], 
Лидерская программа Unilever Future Leaders Programme (направление Customer Development),Unilever [477], 
Лидерская программа (технические направления),Норникель [463], 
Лидерская программа Unilever Future Leaders Programme (направление Supply Chain),Unilever [477], 
Mars Internship Experience Program (отдел маркетинга),Mars [473],маркетинг
Стажировка Sberseasons,Сбер [28], 
Test Vacancy 2,EY [60], 
Test Vacancy — Стажер в группу оценки недвижимости,EY [60], 
Младший специалист в Группу управления делами,EY [60], 
Координатор отдела аналитики и отчетности,Essity [144807], 
Fullstack-разработчик,Deloitte [334],it
Консультант в направление охраны и труда,Deloitte [334], 
Стажер в отделе исследования рынка потребителей,Procter & Gamble [40], 
Координатор в отдел корпоративной стратегии,Procter & Gamble [40], 
Image recognition key user,Procter & Gamble [40], 
Стажер в инжиниринге,Procter & Gamble [40], 
"Junior Consultant, Tax Financial Sector",KPMG [63], 
"Junior Consultant, Tax Management Services group",KPMG [63], 
Стажер-разработчик в группу улучшения бизнес-технологий и IT (Frontend),EY [60],it
Аналитик в группу проектного финансирования и инфраструктуры,EY [60], 
Аналитик в группу проектного финансирования и инфраструктуры,EY [60], 
Аналитик BI (MIS),Райффайзенбанк [58],it
Младший кредитный аналитик,Райффайзенбанк [58], 
Начинающий специалист аудита в банковском секторе,KPMG [63],аудит
Стажер в группу консультирования по управлению персоналом,EY [60], 
Mars Internship Experience Program (юридический отдел),Mars [473], 
Консультант начального уровня департамента управления рисками,Deloitte [334], 
Стажер группы управления финансами и казначейством,KPMG [63],финансы
Ассистент юридического отдела,Coca-Cola HBC [305], 
Бухгалтер по управлению дебиторской задолженностью,Coca-Cola HBC [305],финансы
Стажер Data Scientist в группу улучшения бизнес-технологий и ИТ,EY [60],it
Стажер в отдел практики стратегического консультирования EY-Parthenon,EY [60], 
Лидерская программа (бизнес-направления),Норникель [463], 
"Intern, Financial Services Advisory",KPMG [63], 
Менеджер по работе с ключевыми конечными клиентами,Essity [144807], 
Специалист в группу обработки и анализа клиентских данных (CDHA),EY [60], 
"Стажер в группу актуарных расчетов, аудит",KPMG [63],аудит
Стажер департамента управления рисками,Deloitte [334], 
Младший инженер,Essity [144807], 
Медицинский представитель,Essity [144807], 
Специалист по гражданской обороне и чрезвычайным ситуациям,Essity [144807], 
Начальник смены,Essity [144807], 
Менеджер по работе с ключевыми заказчиками,Procter & Gamble [40], 
Менеджер по работе с ключевыми заказчиками,Procter & Gamble [40], 
Менеджер по работе с ключевыми заказчиками,Procter & Gamble [40], 
Начинающий разработчик в группу по оказанию услуг в секторе недвижимости и строительства,KPMG [63], 
Специалист в группу стратегии управления капиталом и исследований рынков,EY [60], 
Специалист в группу проектного финансирования и управление проектами в области строительства,EY [60], 
Стажер в группу оказания услуг организациям финансового сектора,EY [60],финансы
Стажер в группу консультирования по вопросам косвенного налогообложения,EY [60], 
Разработчик,Альфа-Банк [256], 
Business Analyst Intern,Skolkovo Ventures [315], 
Ведущий разработчик BI,Альфа-Банк [256], 
Дистанционный аналитик,Strategy Partners [422], 
Data Science Intern,SAP [476], 
Технический ассистент,Альфа-Банк [256], 
Менеджер проектов,МТС [425], 
"Trainee, Market Research, Forensic Department",KPMG [63], 
Audit Assistant,KPMG [63], 
Junior Front-end разработчик,Heedbook [381], 
"Intern, Financial Risk Management",KPMG [63], 
Ведущий аналитик отдела технологий больших данных,ВТБ [528], 
Бизнес-аналитик управления автоматизации рисков,ВТБ [528], 
Senior разработчик Java,ВТБ [528], 
Business Analyst,Skolkovo Ventures [315], 
PE Solution Sales Engagement Internship,SAP [476],финансы
"Intern, IT Advisory, IT Audit",KPMG [63],it
Intern for Compliance Department,SAP [476], 
Services Account Manager Intern (Consulting Sales),SAP [476], 
Working Student Services Marketing MEE Job,SAP [476], 
Ведущий эксперт отдела исследований и моделирования. Казначейство,Альфа-Банк [256],финансы
Аналитик партнерств и международного бизнеса,ivi [742],финансы
Специалист по продажам,Атон [580], 
Аналитик,Strategy Partners [422], 
Консультант,Strategy Partners [422], 
Старший специалист,Альфа-Банк [256], 
Старший специалист технической поддержки,Альфа-Банк [256], 
Трафик менеджер (интернет маркетолог),Альфа-Банк [256], 
Портфельный риск-менеджер,Альфа-Банк [256], 
Support engineer,SAP [476],it
Support engineer,SAP [476],it
Стажер в отдел финансового контроллинга,Лента [23],финансы
Специалист по управлению категориями (food),Лента [23],финансы
Ассистент отдела маркетинга,Samolov Group [399],маркетинг
Специалист по продажам (инвестиционные продукты),Атон [580], 
Стажер в финансовую дирекцию,М.Видео-Эльдорадо [24],финансы
Стажер (Дирекция розничных продаж),М.Видео-Эльдорадо [24], 
Стажер (IT-рекрутмент),М.Видео-Эльдорадо [24],it
Стажер в группу по работе с молодыми специалистами в Департамент по работе с персоналом,ВТБ [528], 
Специалист по обслуживанию клиентов,Атон [580], 
Специалист отдела дистанционных продаж,Атон [580], 
"Intern, Financial Crime services (Forensic)",KPMG [63], 
"Consultant, Internal Audit, Risk and Compliance Services Group",KPMG [63], 
Ассистент отдела закупок,Петрович [1228], 
Специалист по работе с клиентами,Schneider Electric [1349], 
Консультант по интеграции,X5 Group [611], 
Стажер в отдел маркетинга,Билайн [277],маркетинг
Консультант поддержки портальных решений,X5 Group [611], 
Тестировщик,X5 Group [611],маркетинг
"Стажировка в Mars для студентов, 9 направлений",Mars [473], 
Fullstack Developer,FM Logistic [373],it
Java-разработчик,FM Logistic [373],it
Стажер в блок по коммуникациям и устойчивому развитию,Билайн [277], 
Стажер в блок по развитию корпоративного бизнеса,Билайн [277], 
Brand Manager,Perfetti Van Melle [1750],маркетинг
Junior Design Leader,Schneider Electric [1349], 
Junior Investment Advisor,Уралсиб Private Bank [3714], 
Младший консультант IT-поддержки товародвижения,X5 Group [611],it
Стажер в блок по развитию инфраструктуры,Билайн [277], 
Системный аналитик,FM Logistic [373],it
Специалист технической поддержки,X5 Group [611], 
Стажер (Аудит IT-процессов),KPMG [63],it
Стажер (Engineering & Manufacturing),Procter & Gamble [40], 
Стажер (Logistic),Procter & Gamble [40], 
HR-менеджер,Procter & Gamble [40], 
Стажер в группу по консультированию в сфере IT,KPMG [63], 
"Junior Consultant, Digital CFO Group, Management Consulting",KPMG [63], 
"Intern, Real Estate Advisory (Valuation and Сonsulting)",KPMG [63], 
"Intern (Fraud Investigations Group, Forensic Department)",KPMG [63], 
Стажер-аналитик,GSK [34279], 
Trade Marketing Intern,GSK [34279],маркетинг
Process Engineer,Procter & Gamble [40], 
"Intern (Financial Advisory Services, Management Consulting)",KPMG [63], 
"Intern, Deal Strategy Group",KPMG [63], 
Full Stack Software Engineer,Schlumberger [773],it
Finance Intern,GSK [34279],финансы
Marketing Intern,GSK [34279],маркетинг
"Intern/Junior Consultant, Tax&Legal consulting, Corporate Tax group",KPMG [63], 
"Intern, Financial Risk Management Group (Modelling)",KPMG [63],финансы
Аналитик BI (РСБУ),Райффайзенбанк [58], 
Технический специалист лидерской программы,Schlumberger [773], 
"Data Science Intern, Deal Advisory, Data & Solutions team",KPMG [63],it
"Intern, Financial Crime Group, Forensic Services",KPMG [63], 
Участник программы ученичества Aggreko Apprenticeship Program,Aggreko [47986], 
Стажер в IT-отделе,Mars [473],it
Стажер в отдел бухгалтерии,Schlumberger [773],финансы
Аналитик,Спортмастер [47991],it
Микробиолог,Coca-Cola HBC [305], 
Стажер/Младший консультант (практика по работе с клиентами энергетики и ЖКХ),KPMG [63], 
"Consultant (People Services, Payroll projects, Tax and Legal)",KPMG [63], 
Стажер в отдел закупок,Schlumberger [773], 
Senior Compliance Specialist — CIS Technology Services,Deloitte [334], 
Associate Consultant,Mountain Ridge [280], 
Стажировка I Choose Alfa,Альфа-Банк [256], 
Специалист по календарно-сетевому планированию,НИПИГАЗ [390], 
Стажер IT-департамента (Разработчик),НИПИГАЗ [390],it
Стажер IT-департамента (Разработчик),НИПИГАЗ [390],it
Стажер IT-департамента (Аналитик),НИПИГАЗ [390],it
Стажер IT-департамента (Аналитик),НИПИГАЗ [390],it
Инженер-проектировщик по программе «Молодой специалист»,НИПИГАЗ [390], 
Начинающий специалист аудита,KPMG [63],аудит
Консультант - Направление РСБУ,Deloitte [334], 
Консультант - Группа по управлению финансами и эффективностью,Deloitte [334], 
Sales Intern,Procter & Gamble [40], 
Associate Consultant / IT Recruitment,Mountain Ridge [280], 
Стажер в Digital Marketing,Groupe SEB [363], 
Стажер в E-commerce,Groupe SEB [363], 
Shopper Activation Trainee,Groupe SEB [363], 
Консультант по информационной безопасности,Deloitte [334], 
Инженер,МегаФон [266],it
Стажер по управлению проектами технического развития,МегаФон [266], 
Data Scientist в группу аналитики розничного бизнеса,Райффайзенбанк [58],it
Старший бизнес-эксперт отдела документарных операций и торгового финансирования,Райффайзенбанк [58], 
Data Engineer в команду валидации моделей,Райффайзенбанк [58],it
Специалист по планированию и контролю реализации проекта,НИПИГАЗ [390], 
Стажер на производстве,Procter & Gamble [40], 
Старший аналитик данных в команду моделирования (розничные риски),Райффайзенбанк [58],финансы
Инженер КИПиА,Coca-Cola HBC [305], 
Supply Chain Management Intern,KPMG [63], 
Стажер в группу финансового риск-менеджмента,KPMG [63],финансы
Специалист по календарно-сетевому планированию,НИПИГАЗ [390], 
Менеджер по развитию продукта валютный контроль для малого бизнеса,Райффайзенбанк [58], 
Стажер в отдел продаж,Procter & Gamble [40], 
Инженер по конфигурированию продуктов и услуг,МегаФон [266], 
Специалист по продажам корпоративным клиентам,МегаФон [266], 
Разработчик Java,МегаФон [266],it
Chief technical officer в команду стартапа Clutch,Clutch [138410], 
Стажер в департамент аудита,KPMG [63], 
Intern / Junior Consultant in Transaction Services,KPMG [63], 
"Intern, Real Estate Advisory",KPMG [63], 
Финансовый аналитик по выручке,Coca-Cola HBC [305],финансы
Финансовый аналитик в отдел поддержки маркетинга,Coca-Cola HBC [305],финансы
Аналитик BI (РСБУ),Райффайзенбанк [58], 
Менеджер по развитию продукта Валютный контроль для малого бизнеса,Райффайзенбанк [58], 
Бухгалтер по управлению кредитными рисками,Coca-Cola HBC [305],финансы
Associate Consultant / IT Recruitment,Mountain Ridge [280], 
Начинающий специалист / Стажер группы управления строительными проектами,KPMG [63],аудит
"Стажер в группу процессной роботизации, RPA",EY [60], 
Ассистент аудитора,EY [60],аудит
Младший аналитик по управлению риском ликвидности,Райффайзенбанк [58],it
Инженер-разработчик PL/SQL,МегаФон [266],it
Data scientist (коммерческое направление),МегаФон [266],it
Разработчик iOS,МегаФон [266],it
Аналитик,МегаФон [266], 
Менеджер по работе с ключевыми заказчиками,Procter & Gamble [40], 
Менеджер по работе с ключевыми заказчиками,Procter & Gamble [40], 
Специалист исследовательского центра,Deloitte [334], 
Координатор по подбору персонала,Райффайзенбанк [58], 
Консультант в группу CIPS стратегического и операционного консалтинга,PwC [27], 
Специалист по документообороту  отдела бухгалтерии,FM Logistic [373], 
Младший аккаунт-менеджер,Samolov Group [399], 
Консультант,Samolov Group [399], 
Стажер в группу управления персоналом,МТС [425], 
Backend-разработчик,Deloitte [334],it
Стажер в группу по оказанию услуг в области внутреннего аудита и рисков,KPMG [63],аудит
Стажер в службу кибербезопасности,KPMG [63], 
Стажер в группу повышения эффективности бизнеса в области розничной торговли и электронной коммерции,EY [60], 
Консультант в группу реструктуризации,KPMG [63], 
Стажер Data Scientist в группу улучшения бизнес-технологии и IT,EY [60],it
Стажер в департамент аудиторских услуг,EY [60], 
Специалист по развитию направления «Аллергология»,MSD [159074], 
Intern / Junior Consultant,KPMG [63], 
Junior Actuary,KPMG [63], 
Стажер в группу по сопровождению сделок финансового сектора,EY [60], 
Специалист в группу консультирования в области разрешения налоговых споров,EY [60], 
Специалист в группу предоставления услуг в области бизнес-рисков для финансовых организаций,EY [60], 
Management Trainee,MSD [159074], 
Intern in Financial Risk Management Group (Banking),KPMG [63], 
Стажер в группу корпоративного налогообложения,KPMG [63], 
Стажер в группу консультирования по налогообложению сделок,EY [60], 
Стажер в группу оценки недвижимости,EY [60], 
Стажер в группу по международному перемещению сотрудников,EY [60], 
Координатор по работе с ключевыми клиентами,Danone [336], 
Junior сonsultant in Supply Chain Management (Consulting),KPMG [63], 
"Программа найма в СИБУР ""Первый элемент"" для технических направлений",Сибур [268], 
Менеджер по работе с ключевыми конечными клиентами,Essity [144807], 
Оплачиваемая стажировка Raiffeisen Evolve,Райффайзенбанк [58], 
Стажер в департамент аудита финансового сектора,KPMG [63],аудит
Менеджер по работе с ключевыми конечными клиентами,Essity [144807], 
Стажировка в отделе финансов,Procter & Gamble [40],финансы
Младший консультант в Consulting CIPS,PwC [27], 
Стажер в группу кадрового делопроизводства,EY [60], 
Стажер в группу стратегии управления капиталом и исследований рынков,KPMG [63], 
Стажировки в IT,Procter & Gamble [40],it
Инжиниринговая и производственная стажировка,Procter & Gamble [40], 
Интерн/консультант в Audit FS,PwC [27], 
Стажер/специалист в департамент налогового консультирования,EY [60], 
Стажер/младший frontend-разработчик,EY [60], 
Ресечер в группу подбора персонала,EY [60], 
Стажер в группу улучшения бизнес-технологий и IT,EY [60], 
Technology group consultant,KPMG [63], 
IT-department trainee,Perfetti Van Melle [1750], 
Стажировка в команде SAP,Норникель [463],/ it
Test Vacancy — бекап,EY [60], 
Senior Project Manager,Changellenge >> [43], 
4 вакансий в отделе Project Management,Changellenge >> [43], 
Marketing Project Manager,Changellenge >> [43], 
Таргетолог,Changellenge >> [43], 
Контекстолог,Changellenge >> [43], 
Junior/Middle/Senior Data Scientist,Сбер [28], 
Практика в Управлении принудительного взыскания и банкротства Департамента по работе с проблемными активами,Сбер [28], 
Python разработчик - сценарист мобильного приложения,Сбер [28], 
Специалист группы проведения брокерских операций,ЮниКредит Банк [579], 
Validation Manager,ЮниКредит Банк [579], 
Quantitative Analyst,ЮниКредит Банк [579], 
Risk Modelling Expert (international team),ЮниКредит Банк [579], 
Специалист по финансовым санкциям,ЮниКредит Банк [579], 
Эксперт отдела риск-интеграции и контроля адекватности капитала,ЮниКредит Банк [579], 
Системный аналитик/разработчик,ЮниКредит Банк [579], 
Эксперт департамента стратегических рисков,ЮниКредит Банк [579], 
Junior customer and digital marketing manager,Holy Corn [153419], 
"Quant risk analyst, strategic risk department",ЮниКредит Банк [579], 
Менеджер проектов в команду качества,Яндекс.Такси [2547], 
"Аналитик, Дивизион «Особенные решения»",Сбер [28], 
InKompass Intern,Philip Morris International [140639], 
Менеджер по сегментному маркетингу корпоративного бизнеса,МегаФон [266], 
Стажер в отдел продаж,Procter & Gamble [40], 
Стажер в отдел продаж,Procter & Gamble [40], 
Стажер в отдел продаж,Procter & Gamble [40], 
Стажер в управлении цепями поставок,Procter & Gamble [40], 
Стажер в отделе логистики,Procter & Gamble [40], 
Стажер на производстве,Procter & Gamble [40], 
Специалист по инвестиционному анализу,МегаФон [266], 
Разработчик Oracle/BI,МегаФон [266], 
Стажер в группу технической поддержки клиентов,МегаФон [266], 
Бизнес-аналитик в департамент управления рисками,Deloitte [334], 
Стажер в отдел продаж,Procter & Gamble [40], 
Стажер в IT,Procter & Gamble [40], 
Стажер в IT,Procter & Gamble [40], 
Системный администратор,Deloitte [334], 
Стажер,МегаФон [266], 
Стажер направления «Клиентский опыт и политика контактов»,МегаФон [266], 
Account Manager,Procter & Gamble [40], 
Sales Intern,Procter & Gamble [40], 
Account Manager,Procter & Gamble [40], 
Sales Intern,Procter & Gamble [40], 
Sales Intern,Procter & Gamble [40], 
Analytic,Skolkovo Ventures [315], 
Стажер,Strategy Partners [422], 
Стажер-аналитик,Deloitte [334], 
Sales Intern,Procter & Gamble [40], 
Sales Intern,Procter & Gamble [40], 
Finance & Accounting Intern,Procter & Gamble [40], 
Associate Brand Manager,Procter & Gamble [40], 
Corporate Communications Intern,Procter & Gamble [40], 
Веб-аналитик,Альфа-Банк [256], 
"Intern/Associate, Strategy&",PwC [27], 
Web-аналитик,Changellenge >> [43], 
"Intern, Technology Group (SAP)",PwC [27], 
Стажер/Консультант в Департамент Аудита Финансового Сектора,PwC [27], 
Intern/Consultant with Tax and Legal Department,PwC [27], 
Consultant to Financial Due Diligence group (Transaction services),PwC [27], 
Стажер в департамент налогового консультирования комплекса ТЭК,PwC [27], 
Intern/Consultant with Financial Risk Management,PwC [27], 
Стажер/Консультант в направление Анализа Данных,PwC [27], 
Стажер в Группу инфраструктурного и проектного финансирования,PwC [27], 
"Младший консультант, Группа по оценке финансового сектора",KPMG [63], 
"Стажер, Группа по сопровождению корпоративных сделок (Финансовый сектор)",KPMG [63], 
"Intern, Corporate Risk Management",KPMG [63], 
"Intern, Financial Services Advisory",KPMG [63],финансы
"Intern, Transaction Services, Financial Services Sector",KPMG [63], 
"Trainee, Corporate Intelligence Group, Forensic Department",KPMG [63], 
Junior Packaging Specialist,Perfetti Van Melle [1750], 
Category Manager,Perfetti Van Melle [1750], 
Talent Acquisition Specialist,Perfetti Van Melle [1750], 
"Intern Developer (C#), Real Estate Advisory, Innovation practice",KPMG [63], 
"Intern, Risk Consulting, Operational Risk",KPMG [63], 
Стажер в направлении IT,Дом.рф [1643],финансы
Стажер в направлении Риски,Дом.рф [1643],финансы
Стажер в направлении Финансовые рынки и Операционная деятельность,Дом.рф [1643],финансы
"Programmer, Risk Management",KPMG [63], 
"Junior Consultant, Valuation, Deal Advisory",KPMG [63], 
Начинающий специалист в Департамент аудиторских услуг,KPMG [63], 
Стажер проекта Lenta Pro,Лента [23], 
Frontend-разработчик,Альфа-Банк [256], 
Стажировка в IT-департаменте Яндекса,Академия Яндекса [1219], 
Стажер коммерческой службы,Лента [23], 
Стажер в группу по сопровождению SAP и бизнес-приложений,Лента [23], 
Intern (Elevate program) in the Quantitative Research team,ВТБ [528], 
Стажер в дирекции по маркетингу (бренд М.Видео),М.Видео-Эльдорадо [24], 
Стажер (Офис по развитию IТ-продуктов),М.Видео-Эльдорадо [24], 
"Intern, Restructuring Services, Deal Advisory",KPMG [63], 
Стажировки и стартовые позиции в Bain & Company,Bain and Company [489], 
"Intern, Global Strategy Group, Management Consulting",KPMG [63], 
2 ВАКАНСИИ В МОСКВЕ,Groupe SEB [363], 
Стажер в отдел прогнозирования спроса,Лента [23], 
Стажировка в Дирекции по маркетингу,М.Видео-Эльдорадо [24], 
Finance and treasury Presales Team Intern,SAP [476], 
"Junior consultant, Tax&Legal, Mergers and Acquisitions",KPMG [63], 
"Consultant, Tax and Legal, Tax Management Services group",KPMG [63], 
Стажер,Атон [580],финансы
Стажер на корпоративные WEB-решения,Лента [23], 
Стажер аналитики цен и промо,Лента [23], 
Junior data scientist,Альфа-Банк [256], 
Риск-аналитик в управлении розничных рисков,Альфа-Банк [256], 
Intern for SAP Customer Experience,SAP [476], 
"Junior Consultant, Financial Services Advisory",KPMG [63],финансы
Специалист по архивированию документации,Билайн [277], 
Ведущий эксперт по стратегии,Билайн [277],финансы
CX Intern Business Development,SAP [476], 
Специалист DevOps,ВТБ [528], 
Hadoop-разработчик,ВТБ [528], 
Программа развития бизнес-лидеров UNIQLO Manager Candidate,UNIQLO [332], 
"Intern, Tax&Legal, Transfer Pricing",KPMG [63], 
"Intern, Actuarial Services group",KPMG [63], 
"Intern, Supply Chain Management&Procurement, Management Consulting",KPMG [63], 
Стажер в группу маркетинга,МТС [425], 
Стажер в технический блок,МТС [425], 
Data Scientist,Билайн [277], 
Working Student Services Marketing MEE,SAP [476], 
Trainee of SCM and Consumer Industry Team,SAP [476], 
Ускоренная программа стажировок от МТС,МТС [425], 
Аналитик ЦПК,Альфа-Банк [256], 
Graduation Program для программистов в ТехЦентре Дойче Банка,Deutsche Bank [365], 
Data Scientist,Nielsen [367], 
Market Analyst,Nielsen [367], 
Junior Assistant Brand Manager,Procter & Gamble [40], 
Ведущий эксперт,Альфа-Банк [256], 
Стажер в отдел рекрутмента,Hays [21], 
HR-manager,Changellenge >> [43], 
Геймификатор,Альфа-Банк [256], 
Ведущий разработчик MS SQL,Альфа-Банк [256], 
2 оплачиваемые стажировки: Бизнес-аналитика и E-commerce,Groupe SEB [363], 
Consultant,Mountain Ridge [280], 
Corporate Development Intern,Ozon [327], 
Investment Department Intern,Ozon [327], 
Программа UNIQLO MANAGER CANDIDATE,UNIQLO [332], 
Стажер-исследователь беспроводных протоколов IoT в отдел Ozon Robotics,Ozon [327], 
Маркетолог,Билайн [277], 
IT Internship,Procter & Gamble [40], 
Logistics Internship,Procter & Gamble [40], 
Brand Management Internship,Procter & Gamble [40], 
Консультант в отдел аудита финансового сектора,PwC [27], 
Консультант в отдел общего аудита,PwC [27], 
"Consultant, Quantitative Modeling",KPMG [63], 
"Intern, Operational Excellence Group, Management Consulting Department",KPMG [63], 
Consumer & Market Knowledge,Procter & Gamble [40], 
Finance & Accounting Internship,Procter & Gamble [40], 
Leadership commercial development program,RB [291], 
Старший специалист по тестированию,Альфа-Банк [256], 
Системный аналитик,Альфа-Банк [256], 
Junior DevOps инженер,Альфа-Банк [256], 
"Consultant, Internal Audit, Risk and Compliance Services",KPMG [63], 
Аналитик по стратегии,МегаФон [266], 
"Junior Consultant, Accounting Advisory Services",KPMG [63], 
"Intern, Information Risk Management",KPMG [63], 
Intern in Market Research,KPMG [63], 
Frontend-разработчик Тест,Альфа-Банк [256],it
Frontend-разработчик Тест,Альфа-Банк [256],it
Finance Manager (Trainee),Changellenge >> [43], 
Дизайнер,Changellenge >> [43], 
Project Manager,Changellenge >> [43], 
Junior email-маркетолог,Changellenge >> [43], 
SMM Project Manager,Changellenge >> [43], 
Event-менеджер,Changellenge >> [43], 
Team Assistant,Changellenge >> [43], 
Консультант начального уровня в департамент управления рисками,Deloitte [334], 
EM Support Group Junior Specialist - SAP Administration Group,Deloitte [334], 
QA Engineer - CTS Group,Deloitte [334], 
Back-end разработчик,Deloitte [334], 
Бизнес-аналитик группы технологической стратегии и трансформации,Deloitte [334], 
Стажер группы услуг по международному налогообложению,Deloitte [334], 
Стажер консалтинга в сфере информационных технологий,Deloitte [334], 
Стажер управленческого консалтинга,Deloitte [334], 
Консультант начального уровня по расчету заработной платы,Deloitte [334], 
Инженер по сервису,Aggreko [47986], 
Сервисный координатор,Aggreko [47986], 
Специалист по закупкам,Aggreko [47986], 
Координатор по международной логистике,Aggreko [47986], 
Стажер по коммуникациям,Aggreko [47986], 
Программа развития для технических специалистов Danone Band,Danone [336],/
Супервайзер по операционной работе  с ключевыми клиентами,Danone [336],/
Brand Marketing Trainee,Danone [336], 
Специалист линии поддержки потребителей,Danone [336], 
Специалист отдела планирования,Danone [336],/
Координатор отдела обучения,Danone [336], 
Специалист отдела обучения,Danone [336], 
Финансовый аналитик по логистическим затратам,Danone [336], 
Специалист по продажам и развитию территории,Danone [336], 
Химик,Danone [336],/
Химик,Danone [336], 
Химик,Danone [336], 
Инженер-микробиолог,Danone [336], 
Personal Assistant,Danone [336], 
Изготовитель творожных изделий,Danone [336], 
Стажер по стратегии,Aggreko [47986], 
Специалист по маркетингу,Aggreko [47986], 
Юрист / Ведущий юрист,Aggreko [47986], 
Две вакансии в Москве,ВТБ [528], 
Две вакансии в Туле,Tele2 [480], 
Talent Coordinator,Danone [336], 
Chief technical officer в команду стартапа Clutch,Clutch [138410], 
Аналитик в группу поддержки и аналитики прямых и корпоративных продаж,Райффайзенбанк [58], 
Стажер в группу улучшения бизнес-технологий и ИТ (направление управления и повышения эффективности ИТ),EY [60], 
Стажер в группу консультирования по вопросам косвенного налогообложения (НДС),EY [60],/
Стажер в группу по предоставлению услуг в области бизнес-рисков для организаций финансового сектора,EY [60],/ финансы
Стажер в группу оказания услуг в области бизнес рисков,EY [60],/
Стажер/Аналитик в группу оценки основных средств,EY [60], 
Ассистент аудитора,EY [60],/
"Стажер, Группа по продвижению бренда работодателя (Employer Brand)",EY [60],/
"Стажер, Группа процессной роботизации (RPA)",EY [60], 
Стажер в группу консультирования по трансфертному ценообразованию,EY [60],/
Стажер в группу консультирования по трансфертному ценообразованию,EY [60],/
"Стажер/Специалист, Группа оказания услуг организациям финансового сектора",EY [60],/
Стажер 1C в группу улучшения бизнес-технологий и ИТ (PI-Technology),EY [60],/
"Стажер, Группа улучшения бизнес-технологий и ИТ, направление SAP",EY [60],/
"Стажер, Группа по международному перемещению сотрудников",EY [60], 
Стажер (Группа оказания услуг организациям финансового сектора/комплаенс-контроль),EY [60], 
Стажер группы предоставления услуг в области бизнес-рисков для финансовых организаций,EY [60], 
Стажер (Группа подбора персонала),EY [60], 
Аналитик группы проектного финансирования и инфраструктуры,EY [60], 
Стажер в группу повышения эффективности бизнеса (Strategy&Transformation),EY [60], 
Стажер группы цифровых технологий и трансформации бизнеса,EY [60], 
Стажер группы оценки бизнеса,EY [60], 
Стажер группы актуарных расчетов,EY [60], 
Специалист по внутренним коммуникациям,Danone [336], 
"Intern (Strategy and Operations, Management Consulting)",KPMG [63], 
Практикант в сегментный маркетинг,МегаФон [266], 
Стажер по разработке технических решений,МегаФон [266], 
Стажер CVM,МегаФон [266], 
Стажер в бренд команду,МегаФон [266], 
Стажер направления «Клиентский опыт и политика контактов»,МегаФон [266], 
Quantitative Junior Analyst to Research Department,Райффайзенбанк [58], 
Специалист поддержки клиентов Private Banking,Райффайзенбанк [58], 
Аналитик в команду цифровых каналов малого бизнеса,Райффайзенбанк [58], 
Специалист по анализу данных,Райффайзенбанк [58], 
Продюсер в креативном отделе,Changellenge >> [43], 
Инженер-проектировщик КИПиА,НИПИГАЗ [390],/
"Ведущий специалист, САПР, Отдел информационного моделирования",НИПИГАЗ [390],/
Специалист по поддержке клиентов на экспортном рынке,Свеза [524], 
Специалист по подбору персонала,Свеза [524], 
Project Manager,Changellenge >> [43],/
Finance Manager (Trainee),Changellenge >> [43],/
Researcher,Changellenge >> [43],/  /
Trainee in Finance (Controlling Department),Лента [23], 
Тест,EY [60], 
IT-Аналитик,Changellenge >> [43],/  /
Аналитик образовательных проектов,Changellenge >> [43], 
Конструктор сайтов,Changellenge >> [43],/
Продюсер в видеопродакшн,Changellenge >> [43], 
Ассистент в команду отдела закупок,Castorama [259], 
Бухгалтер  по управлению кредитными рисками,Coca-Cola HBC [305],/  /
Project Manager,Changellenge >> [43], 
Начинающий менеджер по работе с вузами,Changellenge >> [43],/
Менеджер по работе с вузами,Changellenge >> [43], 
2 вакансии в отделе маркетинга,Changellenge >> [43],/
веб разработчик в команде поиска,Сбер [28],web мастер
бэкендер по оптимизации потоков,Сбер [28],оптимизация сайта (seo)
опытный специалист аналитик,Changellenge >> [43],аналитик
"опытный специалист программирование, разработка",Changellenge >> [43],"программирование, разработка"
опытный специалист игровое по,Changellenge >> [43],игровое по
"опытный специалист сотовые, беспроводные технологии",Changellenge >> [43],"сотовые, беспроводные технологии"
опытный специалист телекоммуникации,Changellenge >> [43],телекоммуникации
опытный специалист информационные технологии,Changellenge >> [43],информационные технологии
опытный специалист системы управления предприятием (erp),Changellenge >> [43],системы управления предприятием (erp)
опытный специалист управление маркетингом,Changellenge >> [43],управление маркетингом
"опытный специалист pr, маркетинговые коммуникации",Changellenge >> [43],"pr, маркетинговые коммуникации"
опытный специалист интернет-маркетинг,Changellenge >> [43],интернет-маркетинг
опытный специалист web инженер,Changellenge >> [43],web инженер
"опытный специалист телекоммуникации, сетевые решения",Changellenge >> [43],"телекоммуникации, сетевые решения"
опытный специалист менеджер по работе с клиентами,Changellenge >> [43],менеджер по работе с клиентами
"опытный специалист продажи по телефону, телемаркетинг",Changellenge >> [43],"продажи по телефону, телемаркетинг"
опытный специалист инженер,Changellenge >> [43],инженер
опытный специалист электронная коммерция,Changellenge >> [43],электронная коммерция
опытный специалист crm системы,Changellenge >> [43],crm системы
опытный специалист верстальщик,Changellenge >> [43],верстальщик
опытный специалист дизайнер,Changellenge >> [43],дизайнер
опытный специалист системная интеграция,Changellenge >> [43],системная интеграция
опытный специалист стартапы,Changellenge >> [43],стартапы
"опытный специалист медицина, фармацевтика",Changellenge >> [43],"медицина, фармацевтика"
опытный специалист производство,Changellenge >> [43],производство
опытный специалист медицинское оборудование,Changellenge >> [43],медицинское оборудование
опытный специалист управление проектами,Changellenge >> [43],управление проектами
"опытный специалист начальный уровень, мало опыта",Changellenge >> [43],"начальный уровень, мало опыта"
опытный специалист интернет,Changellenge >> [43],интернет
опытный специалист услуги для бизнеса,Changellenge >> [43],услуги для бизнеса
опытный специалист компьютерная безопасность,Changellenge >> [43],компьютерная безопасность
"опытный специалист cto, cio, директор по it",Changellenge >> [43],"cto, cio, директор по it"
опытный специалист развитие бизнеса,Changellenge >> [43],развитие бизнеса
"опытный специалист поддержка, helpdesk",Changellenge >> [43],"поддержка, helpdesk"
опытный специалист банковское по,Changellenge >> [43],банковское по
опытный специалист технический писатель,Changellenge >> [43],технический писатель
опытный специалист инженерные науки,Changellenge >> [43],инженерные науки
опытный специалист персональный ассистент,Changellenge >> [43],персональный ассистент
опытный специалист секретарь,Changellenge >> [43],секретарь
опытный специалист административный персонал,Changellenge >> [43],административный персонал
опытный специалист сервисный инженер,Changellenge >> [43],сервисный инженер
опытный специалист компьютерная техника,Changellenge >> [43],компьютерная техника
опытный специалист компьютерные программы,Changellenge >> [43],компьютерные программы
опытный специалист системный администратор,Changellenge >> [43],системный администратор
опытный специалист рекрутмент,Changellenge >> [43],рекрутмент
опытный специалист инсталляция и настройка оборудования,Changellenge >> [43],инсталляция и настройка оборудования
опытный специалист сетевые технологии,Changellenge >> [43],сетевые технологии
опытный специалист торговый маркетинг(trade marketing),Changellenge >> [43],торговый маркетинг(trade marketing)
опытный специалист арт-директор,Changellenge >> [43],арт-директор
"опытный специалист планирование, размещение рекламы",Changellenge >> [43],"планирование, размещение рекламы"
"опытный специалист продвижение, специальные мероприятия",Changellenge >> [43],"продвижение, специальные мероприятия"
опытный специалист услуги для населения,Changellenge >> [43],услуги для населения
опытный специалист розничная торговля,Changellenge >> [43],розничная торговля
"опытный специалист электроника, фото, видео",Changellenge >> [43],"электроника, фото, видео"
опытный специалист исследования рынка,Changellenge >> [43],исследования рынка
опытный специалист монтажник,Changellenge >> [43],монтажник
опытный специалист менеджер по сервису - сетевые и телекоммуникационные технологии,Changellenge >> [43],менеджер по сервису - сетевые и телекоммуникационные технологии
опытный специалист системы видеонаблюдения,Changellenge >> [43],системы видеонаблюдения
опытный специалист пожарная безопасность,Changellenge >> [43],пожарная безопасность
опытный специалист решения по автоматизации процессов,Changellenge >> [43],решения по автоматизации процессов
опытный специалист торговые сети,Changellenge >> [43],торговые сети
опытный специалист экономист,Changellenge >> [43],экономист
"опытный специалист консалтинг, аутсорсинг",Changellenge >> [43],"консалтинг, аутсорсинг"
опытный специалист автозапчасти,Changellenge >> [43],автозапчасти
"опытный специалист автомобили, запчасти",Changellenge >> [43],"автомобили, запчасти"
опытный специалист машиностроение,Changellenge >> [43],машиностроение
опытный специалист автомобильная промышленность,Changellenge >> [43],автомобильная промышленность
опытный специалист конструктор,Changellenge >> [43],конструктор
опытный специалист технолог,Changellenge >> [43],технолог
опытный специалист электроэнергетика,Changellenge >> [43],электроэнергетика
опытный специалист слесарь,Changellenge >> [43],слесарь
"опытный специалист электромонтер, кабельщик",Changellenge >> [43],"электромонтер, кабельщик"
опытный специалист электрик,Changellenge >> [43],электрик
опытный специалист водитель,Changellenge >> [43],водитель
опытный специалист администратор баз данных,Changellenge >> [43],администратор баз данных
опытный специалист авиационная промышленность,Changellenge >> [43],авиационная промышленность
"опытный специалист информационные технологии, интернет, мультимедиа",Changellenge >> [43],"информационные технологии, интернет, мультимедиа"
опытный специалист передача данных и доступ в интернет,Changellenge >> [43],передача данных и доступ в интернет
опытный специалист финансовый мониторинг,Changellenge >> [43],финансовый мониторинг
опытный специалист внутренние операции (back office),Changellenge >> [43],внутренние операции (back office)
"опытный специалист финансы, банки, инвестиции",Changellenge >> [43],"финансы, банки, инвестиции"
опытный специалист металлургия,Changellenge >> [43],металлургия
опытный специалист ввод данных,Changellenge >> [43],ввод данных
опытный специалист системы автоматизированного проектирования,Changellenge >> [43],системы автоматизированного проектирования
опытный специалист сотрудник call-центра,Changellenge >> [43],сотрудник call-центра
опытный специалист прямые продажи,Changellenge >> [43],прямые продажи
опытный специалист управление продажами,Changellenge >> [43],управление продажами
опытный специалист тренерский состав,Changellenge >> [43],тренерский состав
"опытный специалист internet, e-commerce",Changellenge >> [43],"internet, e-commerce"
"опытный специалист обменные пункты, банкоматы",Changellenge >> [43],"обменные пункты, банкоматы"
опытный специалист пластиковые карты,Changellenge >> [43],пластиковые карты
опытный специалист риски: операционные,Changellenge >> [43],риски: операционные
"опытный специалист электротехническое оборудование, светотехника",Changellenge >> [43],"электротехническое оборудование, светотехника"
опытный специалист управление гостиницами,Changellenge >> [43],управление гостиницами
опытный специалист мультимедиа,Changellenge >> [43],мультимедиа
опытный специалист экономическая и информационная безопасность,Changellenge >> [43],экономическая и информационная безопасность
"опытный специалист информатика, информационные системы",Changellenge >> [43],"информатика, информационные системы"
опытный специалист реинжиниринг бизнес процессов,Changellenge >> [43],реинжиниринг бизнес процессов
опытный специалист коммерческий банк,Changellenge >> [43],коммерческий банк
опытный специалист планово-экономическое управление,Changellenge >> [43],планово-экономическое управление
опытный специалист финансовый анализ,Changellenge >> [43],финансовый анализ
опытный специалист продюсер,Changellenge >> [43],продюсер
опытный специалист сервисное обслуживание,Changellenge >> [43],сервисное обслуживание
опытный специалист продажа,Changellenge >> [43],продажа
опытный специалист ресепшен,Changellenge >> [43],ресепшен
опытный специалист радиоэлектронная промышленность,Changellenge >> [43],радиоэлектронная промышленность
опытный специалист менеджмент продукта (product manager),Changellenge >> [43],менеджмент продукта (product manager)
опытный специалист врач-эксперт,Changellenge >> [43],врач-эксперт
"опытный специалист дизайн, графика, живопись",Changellenge >> [43],"дизайн, графика, живопись"
опытный специалист другое,Changellenge >> [43],другое
опытный специалист математика,Changellenge >> [43],математика
"опытный специалист маркетинг, реклама, pr",Changellenge >> [43],"маркетинг, реклама, pr"
опытный специалист бренд-менеджмент,Changellenge >> [43],бренд-менеджмент
опытный специалист руководитель сервисного центра,Changellenge >> [43],руководитель сервисного центра
"опытный специалист наука, образование",Changellenge >> [43],"наука, образование"
опытный специалист производство рекламы,Changellenge >> [43],производство рекламы
опытный специалист языки,Changellenge >> [43],языки
опытный специалист делопроизводство,Changellenge >> [43],делопроизводство
опытный специалист учет заработной платы,Changellenge >> [43],учет заработной платы
опытный специалист копирайтер,Changellenge >> [43],копирайтер
опытный специалист преподавание,Changellenge >> [43],преподавание
опытный специалист администрация,Changellenge >> [43],администрация
опытный специалист дилерские сети,Changellenge >> [43],дилерские сети
опытный специалист управление персоналом,Changellenge >> [43],управление персоналом
опытный специалист развитие персонала,Changellenge >> [43],развитие персонала
опытный специалист издательская деятельность,Changellenge >> [43],издательская деятельность
опытный специалист тендеры,Changellenge >> [43],тендеры
опытный специалист строительные материалы,Changellenge >> [43],строительные материалы
опытный специалист логистика,Changellenge >> [43],логистика
опытный специалист консультирование,Changellenge >> [43],консультирование
опытный специалист главный инженер,Changellenge >> [43],главный инженер
опытный специалист промоутер,Changellenge >> [43],промоутер
опытный специалист дистрибуция,Changellenge >> [43],дистрибуция
опытный специалист оптовая торговля,Changellenge >> [43],оптовая торговля
опытный специалист управление закупками,Changellenge >> [43],управление закупками
"опытный специалист станки, тяжелое оборудование",Changellenge >> [43],"станки, тяжелое оборудование"
опытный специалист консультант,Changellenge >> [43],консультант
опытный специалист журналистика,Changellenge >> [43],журналистика
опытный специалист последовательный перевод,Changellenge >> [43],последовательный перевод
опытный специалист письменный перевод,Changellenge >> [43],письменный перевод
опытный специалист синхронный перевод,Changellenge >> [43],синхронный перевод
опытный специалист бюджетирование и планирование,Changellenge >> [43],бюджетирование и планирование
опытный специалист нефтепереработка,Changellenge >> [43],нефтепереработка
опытный специалист нефть,Changellenge >> [43],нефть
опытный специалист газ,Changellenge >> [43],газ
"опытный специалист экономика, менеджмент",Changellenge >> [43],"экономика, менеджмент"
"опытный специалист управление персоналом, тренинги",Changellenge >> [43],"управление персоналом, тренинги"
"опытный специалист литературная, редакторская деятельность",Changellenge >> [43],"литературная, редакторская деятельность"
опытный специалист печатная реклама,Changellenge >> [43],печатная реклама
опытный специалист метролог,Changellenge >> [43],метролог
опытный специалист acca,Changellenge >> [43],acca
"опытный специалист мсфо, ifrs",Changellenge >> [43],"мсфо, ifrs"
опытный специалист финансовый менеджмент,Changellenge >> [43],финансовый менеджмент
опытный специалист финансовые услуги,Changellenge >> [43],финансовые услуги
опытный специалист продажа финансовых продуктов,Changellenge >> [43],продажа финансовых продуктов
опытный специалист строительство,Changellenge >> [43],строительство
опытный специалист менеджер по сервису - промышленное оборудование,Changellenge >> [43],менеджер по сервису - промышленное оборудование
опытный специалист системы безопасности,Changellenge >> [43],системы безопасности
опытный специалист физика,Changellenge >> [43],физика
"опытный специалист проектирование, архитектура",Changellenge >> [43],"проектирование, архитектура"
"опытный специалист методология, банковские технологии",Changellenge >> [43],"методология, банковские технологии"
опытный специалист мебель,Changellenge >> [43],мебель
опытный специалист фотография,Changellenge >> [43],фотография
опытный специалист складское хозяйство,Changellenge >> [43],складское хозяйство
опытный специалист продажа туристических услуг,Changellenge >> [43],продажа туристических услуг
опытный специалист ветеринария,Changellenge >> [43],ветеринария
опытный специалист сиделка,Changellenge >> [43],сиделка
опытный специалист репетитор,Changellenge >> [43],репетитор
опытный специалист компенсации и льготы,Changellenge >> [43],компенсации и льготы
опытный специалист ассистент,Changellenge >> [43],ассистент
опытный специалист телевидение,Changellenge >> [43],телевидение
опытный специалист франчайзинг,Changellenge >> [43],франчайзинг
опытный специалист pr consulting,Changellenge >> [43],pr consulting
"опытный специалист отопление, вентиляция и кондиционирование",Changellenge >> [43],"отопление, вентиляция и кондиционирование"
опытный специалист управление цехом,Changellenge >> [43],управление цехом
"опытный специалист ипотека, ипотечное кредитование",Changellenge >> [43],"ипотека, ипотечное кредитование"
опытный специалист управленческое консультирование,Changellenge >> [43],управленческое консультирование
"опытный специалист разработка новых продуктов, маркетинг",Changellenge >> [43],"разработка новых продуктов, маркетинг"
"опытный специалист искусство, развлечения, масс-медиа",Changellenge >> [43],"искусство, развлечения, масс-медиа"
опытный специалист уборщица/уборщик,Changellenge >> [43],уборщица/уборщик
опытный специалист бухгалтер,Changellenge >> [43],бухгалтер
опытный специалист казначейство,Changellenge >> [43],казначейство
"опытный специалист производство, технологии",Changellenge >> [43],"производство, технологии"
опытный специалист закупки и снабжение,Changellenge >> [43],закупки и снабжение
опытный специалист ценные бумаги,Changellenge >> [43],ценные бумаги
опытный специалист отчетность,Changellenge >> [43],отчетность
"опытный специалист текстиль, одежда, обувь",Changellenge >> [43],"текстиль, одежда, обувь"
опытный специалист продавец в магазине,Changellenge >> [43],продавец в магазине
опытный специалист тренинги,Changellenge >> [43],тренинги
опытный специалист организационное консультирование,Changellenge >> [43],организационное консультирование
опытный специалист стратегия,Changellenge >> [43],стратегия
опытный специалист товары для бизнеса,Changellenge >> [43],товары для бизнеса
опытный специалист сборщик,Changellenge >> [43],сборщик
опытный специалист антимонопольное право,Changellenge >> [43],антимонопольное право
опытный специалист договорное право,Changellenge >> [43],договорное право
опытный специалист налоговое право,Changellenge >> [43],налоговое право
опытный специалист корпоративное право,Changellenge >> [43],корпоративное право
опытный специалист юрисконсульт,Changellenge >> [43],юрисконсульт
"опытный специалист реинжиниринг, аутсорсинг финансовой функции",Changellenge >> [43],"реинжиниринг, аутсорсинг финансовой функции"
"опытный специалист аудит, внутренний контроль",Changellenge >> [43],"аудит, внутренний контроль"
опытный специалист расчет себестоимости,Changellenge >> [43],расчет себестоимости
опытный специалист управляющий офисом (оffice manager),Changellenge >> [43],управляющий офисом (оffice manager)
опытный специалист электротехническое оборудование/светотехника,Changellenge >> [43],электротехническое оборудование/светотехника
опытный специалист помощник,Changellenge >> [43],помощник
опытный специалист арт директор,Changellenge >> [43],арт директор
